{"cameraMode":{"drawMode":0,"name":"Shaded","section":"Shading Mode"},"sceneLighting":false,"audioPlay":false,"sceneViewState":{"m_AlwaysRefresh":false,"showFog":true,"showSkybox":true,"showFlares":true,"showImageEffects":true,"showParticleSystems":true,"showVisualEffectGraphs":true,"m_FxEnabled":true},"in2DMode":false,"pivot":{"x":-2.1050000190734865,"y":4.051875114440918,"z":18.799999237060548},"rotation":{"x":0.002552787773311138,"y":0.3160855174064636,"z":0.0008530229097232223,"w":-0.9487348198890686},"size":1.3322597742080689,"orthographic":false}