{"cameraMode":{"drawMode":0,"name":"Shaded","section":"Shading Mode"},"sceneLighting":false,"audioPlay":false,"sceneViewState":{"m_AlwaysRefresh":false,"showFog":true,"showSkybox":true,"showFlares":true,"showImageEffects":true,"showParticleSystems":true,"showVisualEffectGraphs":true,"m_FxEnabled":true},"in2DMode":false,"pivot":{"x":-7.0820112228393559,"y":-4.175845623016357,"z":-1.8288921117782593},"rotation":{"x":-0.0046930923126637939,"y":0.9951847791671753,"z":-0.07659054547548294,"w":-0.060980603098869327},"size":7.883373260498047,"orthographic":false}